{"cameraMode":{"drawMode":0,"name":"Shaded","section":"Shading Mode"},"sceneLighting":false,"audioPlay":false,"sceneViewState":{"showFog":false,"showMaterialUpdate":false,"showSkybox":false,"showFlares":false,"showImageEffects":false,"showParticleSystems":false},"in2DMode":false,"pivot":{"x":1.2050000429153443,"y":2.7950000762939455,"z":-1.180400013923645},"rotation":{"x":-0.16473199427127839,"y":-0.758460283279419,"z":0.21016332507133485,"w":-0.5945021510124207},"size":0.1667255163192749,"orthographic":false}