{"cameraMode":{"drawMode":0,"name":"Shaded","section":"Shading Mode"},"sceneLighting":false,"audioPlay":false,"sceneViewState":{"showFog":false,"showMaterialUpdate":false,"showSkybox":false,"showFlares":false,"showImageEffects":false,"showParticleSystems":false},"in2DMode":false,"pivot":{"x":0.8909521102905273,"y":1.9374256134033204,"z":1.5580698251724244},"rotation":{"x":-0.035910993814468387,"y":-0.554677426815033,"z":-0.023971689864993097,"w":0.8309445381164551},"size":7.718082904815674,"orthographic":false}