{"cameraMode":{"drawMode":0,"name":"Shaded","section":"Shading Mode"},"sceneLighting":true,"audioPlay":false,"sceneViewState":{"showFog":false,"showMaterialUpdate":false,"showSkybox":false,"showFlares":false,"showImageEffects":false,"showParticleSystems":false},"in2DMode":false,"pivot":{"x":1.0012935400009156,"y":1.4716949462890626,"z":0.35390353202819826},"rotation":{"x":-0.4123404622077942,"y":-0.14385882019996644,"z":0.06611785292625427,"w":-0.897166907787323},"size":21.658266067504884,"orthographic":false}